{
	"orig": 	{
		"width": 2115,
		"height": 957,
		"playerCount": 3,
		"description": "Morinsend Island",
		"adjacency": {
	    "1": [
	        "15",
	        "3",
	        "10",
	        "9",
	        "6"
	    ],
	    "10": [
	        "1",
	        "9",
	        "2",
	        "6"
	    ],
	    "11": [
	        "17",
	        "14"
	    ],
	    "12": [
	        "8",
	        "18",
	        "17"
	    ],
	    "13": [
	        "16",
	        "6"
	    ],
	    "14": [
	        "11",
	        "17",
	        "4",
	        "5",
	        "3"
	    ],
	    "15": [
	        "1",
	        "7",
	        "9",
	        "3"
	    ],
	    "16": [
	        "13",
	        "6"
	    ],
	    "17": [
	        "11",
	        "12",
	        "14",
	        "18",
	        "4"
	    ],
	    "18": [
	        "12",
	        "17",
	        "8"
	    ],
	    "2": [
	        "10",
	        "9"
	    ],
	    "3": [
	        "1",
	        "14",
	        "15",
	        "5",
	        "6",
	        "7"
	    ],
	    "4": [
	        "14",
	        "17",
	        "5"
	    ],
	    "5": [
	        "14",
	        "3",
	        "4",
	        "6"
	    ],
	    "6": [
	        "1",
	        "10",
	        "13",
	        "16",
	        "3",
	        "5"
	    ],
	    "7": [
	        "15",
	        "3"
	    ],
	    "8": [
	        "12",
	        "18"
	    ],
	    "9": [
	        "1",
	        "10",
	        "15",
	        "2"
	    ]
	}
	}
	,
	"lands": {
		"10": { "x": 1642.8945, "y": 313.65387, "textX": 92.931473, "textY": 184.62386 },
		"11": { "x": 669.28657, "y": 64.717653, "textX": 226.23682, "textY": 268.22772 },
		"12": { "x": 49.28437, "y": 254.69178, "textX": 200.60004, "textY": 217.27328 },
		"13": { "x": 1518.2519, "y": 623.63662, "textX": 81.295418, "textY": 49.420593 },
		"14": { "x": 679.2892, "y": 258.69571, "textX": 270.76904, "textY": 329.33963 },
		"15": { "x": 1617.2363, "y": 95.626172, "textX": 149.46803, "textY": 139.94592 },
		"16": { "x": 1383.2548, "y": 684.67787, "textX": 146.10141, "textY": 77.265167 },
		"17": { "x": 396.2696, "y": 178.54546, "textX": 230.74017, "textY": 307.44901 },
		"18": { "x": 344.18888, "y": 116.63275, "textX": 175.01466, "textY": 125.62029 },
		"1": { "x": 1441.2931, "y": 167.65208, "textX": 124.66566, "textY": 217.54845 },
		"2": { "x": 1796.1545, "y": 470.745, "textX": 37.156769, "textY": 56.767284 },
		"3": { "x": 1081.0287, "y": 77.699922, "textX": 202.48795, "textY": 279.77341 },
		"4": { "x": 699.09734, "y": 625.68341, "textX": 325.04419, "textY": 170.36079 },
		"5": { "x": 1140.3098, "y": 580.75471, "textX": 102.44439, "textY": 156.26669 },
		"6": { "x": 1236.2934, "y": 467.31564, "textX": 223.75404, "textY": 134.10425 },
		"7": { "x": 1558.323, "y": 39.676515, "textX": 148.01083, "textY": 90.980667 },
		"8": { "x": 64.294023, "y": 66.706484, "textX": 167.82184, "textY": 151.39555 },
		"9": { "x": 1685.3084, "y": 272.61644, "textX": 186.38756, "textY": 144.31801 }
	}
}
