{
	"orig": 	{
		"width": 2115,
		"height": 957,
		"playerCount": 99,
		"description": "SAMPLE",
		"adjacency": {
	    "1": [
	        "11",
	        "2",
	        "8"
	    ],
	    "10": [
	        "4",
	        "6",
	        "12",
	        "9"
	    ],
	    "11": [
	        "1",
	        "3",
	        "2",
	        "4"
	    ],
	    "12": [
	        "10",
	        "6",
	        "9"
	    ],
	    "2": [
	        "1",
	        "11",
	        "8",
	        "7",
	        "3"
	    ],
	    "3": [
	        "11",
	        "2",
	        "5",
	        "4"
	    ],
	    "4": [
	        "10",
	        "11",
	        "3",
	        "8",
	        "6"
	    ],
	    "5": [
	        "3"
	    ],
	    "6": [
	        "10",
	        "12",
	        "4",
	        "8",
	        "7"
	    ],
	    "7": [
	        "2",
	        "6",
	        "8"
	    ],
	    "8": [
	        "1",
	        "2",
	        "4",
	        "6",
	        "7"
	    ],
	    "9": [
	        "10",
	        "12"
	    ]
	}
	}
	,
	"lands": {
		"10": { "x": 594.25425, "y": 64.717653, "textX": 295.87051, "textY": 358.92487 },
		"11": { "x": 1508.2978, "y": 151.67497, "textX": 164.89008, "textY": 151.34837 },
		"12": { "x": 699.09607, "y": 607.69736, "textX": 252.36592, "textY": 138.67632 },
		"1": { "x": 1514.1905, "y": 275.69333, "textX": 80.253189, "textY": 114.91654 },
		"2": { "x": 1388.3217, "y": 378.24127, "textX": 210.75609, "textY": 211.65103 },
		"3": { "x": 1532.2486, "y": 39.676515, "textX": 275.57147, "textY": 257.16599 },
		"4": { "x": 1081.0274, "y": 77.699922, "textX": 187.63033, "textY": 185.7953 },
		"5": { "x": 1859.3248, "y": 95.626172, "textX": 73.716812, "textY": 95.675003 },
		"6": { "x": 1045.1686, "y": 519.72264, "textX": 163.53513, "textY": 175.28075 },
		"7": { "x": 1319.2717, "y": 613.745, "textX": 98.810669, "textY": 130.01405 },
		"8": { "x": 1268.3172, "y": 274.57253, "textX": 148.00671, "textY": 171.16423 },
		"9": { "x": 49.2831, "y": 66.706484, "textX": 345.3912, "textY": 318.82266 }
	}
}
