{
	"orig": 	{
		"width": 2115,
		"height": 957,
		"playerCount": 4,
		"description": "Morinsend Island",
		"adjacency": {
	    "1": [
	        "5",
	        "20",
	        "11",
	        "4",
	        "9",
	        "21",
	        "3"
	    ],
	    "10": [
	        "24",
	        "9"
	    ],
	    "11": [
	        "1",
	        "20",
	        "4",
	        "2"
	    ],
	    "12": [
	        "16",
	        "6"
	    ],
	    "13": [
	        "3",
	        "17",
	        "15",
	        "22",
	        "21",
	        "18"
	    ],
	    "14": [
	        "6",
	        "23"
	    ],
	    "15": [
	        "13",
	        "17",
	        "16",
	        "6",
	        "18"
	    ],
	    "16": [
	        "12",
	        "15",
	        "17",
	        "7",
	        "6"
	    ],
	    "17": [
	        "13",
	        "15",
	        "16",
	        "7"
	    ],
	    "18": [
	        "13",
	        "15",
	        "22",
	        "8"
	    ],
	    "19": [
	        "23"
	    ],
	    "2": [
	        "11",
	        "20"
	    ],
	    "20": [
	        "1",
	        "11",
	        "2",
	        "5"
	    ],
	    "21": [
	        "1",
	        "13",
	        "22",
	        "24",
	        "9"
	    ],
	    "22": [
	        "13",
	        "18",
	        "21",
	        "8",
	        "24"
	    ],
	    "23": [
	        "14",
	        "19",
	        "6"
	    ],
	    "24": [
	        "10",
	        "21",
	        "22",
	        "9"
	    ],
	    "3": [
	        "1",
	        "13"
	    ],
	    "4": [
	        "1",
	        "11",
	        "9"
	    ],
	    "5": [
	        "1",
	        "20"
	    ],
	    "6": [
	        "12",
	        "14",
	        "15",
	        "16",
	        "23"
	    ],
	    "7": [
	        "16",
	        "17"
	    ],
	    "8": [
	        "18",
	        "22"
	    ],
	    "9": [
	        "1",
	        "10",
	        "21",
	        "24",
	        "4"
	    ]
	}
	}
	,
	"lands": {
		"10": { "x": 1475.323, "y": 662.72423, "textX": 85.564613, "textY": 90.963531 },
		"11": { "x": 1666.043, "y": 237.48673, "textX": 191.15263, "textY": 192.12296 },
		"12": { "x": 395.22738, "y": 116.63275, "textX": 90.864159, "textY": 93.131401 },
		"13": { "x": 1029.1325, "y": 274.745, "textX": 192.29265, "textY": 158.29198 },
		"14": { "x": 64.294023, "y": 155.745, "textX": 66.859863, "textY": 87.432129 },
		"15": { "x": 378.28854, "y": 349.56644, "textX": 367.68777, "textY": 190.24876 },
		"16": { "x": 503.24629, "y": 80.714093, "textX": 227.00459, "textY": 222.82018 },
		"17": { "x": 909.323, "y": 96.583605, "textX": 99.484261, "textY": 232.23975 },
		"18": { "x": 756.23631, "y": 586.35218, "textX": 161.16232, "textY": 148.83633 },
		"19": { "x": 127.30141, "y": 479.37114, "textX": 127.62838, "textY": 89.469215 },
		"1": { "x": 1524.2662, "y": 102.68598, "textX": 103.33222, "textY": 264.72733 },
		"20": { "x": 1637.2965, "y": 80.7168, "textX": 122.63109, "textY": 117.83331 },
		"21": { "x": 1246.8398, "y": 274.57253, "textX": 202.8019, "textY": 146.79657 },
		"22": { "x": 1036.323, "y": 539.745, "textX": 173.66682, "textY": 146.37204 },
		"23": { "x": 49.28437, "y": 248.49803, "textX": 209.27972, "textY": 166.05893 },
		"24": { "x": 1304.2257, "y": 609.7151, "textX": 121.32064, "textY": 130.67097 },
		"2": { "x": 1827.2811, "y": 95.626172, "textX": 102.12538, "textY": 93.007042 },
		"3": { "x": 1129.2759, "y": 77.699922, "textX": 250.8205, "textY": 111.54425 },
		"4": { "x": 1666.0824, "y": 358.6918, "textX": 71.265945, "textY": 150.77533 },
		"5": { "x": 1616.2738, "y": 39.676515, "textX": 81.27861, "textY": 77.018967 },
		"6": { "x": 138.29653, "y": 66.706484, "textX": 168.98567, "textY": 162.09911 },
		"7": { "x": 776.323, "y": 64.717653, "textX": 160.08183, "textY": 56.866852 },
		"8": { "x": 1019.2407, "y": 712.7095, "textX": 92.715309, "textY": 92.269562 },
		"9": { "x": 1392.2778, "y": 459.47073, "textX": 175.2393, "textY": 142.30153 }
	}
}
