{
	"states": {
		"10": { "x": 1210.4764, "y": 440.45071 },
		"11": { "x": 1694.4269, "y": 221.43151 },
		"12": { "x": 1865.2074, "y": 561.47007 },
		"13": { "x": 1481.4781, "y": 457.44833 },
		"14": { "x": 355.46282, "y": 425.46679 },
		"15": { "x": 1292.5, "y": 399.33636 },
		"16": { "x": 2021.5031, "y": 277.38117 },
		"1": { "x": 1922.4447, "y": 665.45294 },
		"2": { "x": 1291.4529, "y": 259.45492 },
		"3": { "x": 211.46137, "y": 248.46148 },
		"4": { "x": 2024.5, "y": 278.5 },
		"5": { "x": 1715.2622, "y": 433.5 },
		"6": { "x": 1495.4647, "y": 580.50097 },
		"7": { "x": 918.41331, "y": 685.30335 },
		"8": { "x": 996.13156, "y": 246.47265 },
		"9": { "x": 584.31412, "y": 261.44357 }
	}
}
