{
	"orig": 	{
		"width": 2115,
		"height": 957,
		"adjacency": {
	    "1": [
	        "12",
	        "13",
	        "5"
	    ],
	    "10": [
	        "13",
	        "14",
	        "15"
	    ],
	    "11": [
	        "2",
	        "4",
	        "5"
	    ],
	    "12": [
	        "1",
	        "13",
	        "5"
	    ],
	    "13": [
	        "1",
	        "10",
	        "12",
	        "5"
	    ],
	    "14": [
	        "10",
	        "3"
	    ],
	    "15": [
	        "10",
	        "2"
	    ],
	    "16": [
	        "4"
	    ],
	    "2": [
	        "11",
	        "15"
	    ],
	    "3": [
	        "14"
	    ],
	    "4": [
	        "11",
	        "16"
	    ],
	    "5": [
	        "1",
	        "11",
	        "12",
	        "13"
	    ]
	}
	}
	,
	"lands": {
		"10": { "x": 1048.2994, "y": 258.69571, "textX": 253.01685, "textY": 159.36996 },
		"11": { "x": 1532.2499, "y": 39.676515, "textX": 171.44031, "textY": 134.11472 },
		"12": { "x": 1703.0304, "y": 379.71507, "textX": 54.119549, "textY": 78.102554 },
		"13": { "x": 1319.3011, "y": 275.69333, "textX": 186.14659, "textY": 456.14301 },
		"14": { "x": 193.28582, "y": 243.71179, "textX": 545.43573, "textY": 270.12671 },
		"15": { "x": 1130.323, "y": 217.58136, "textX": 83.997917, "textY": 38.020111 },
		"16": { "x": 1859.3261, "y": 95.626172, "textX": 57.76495, "textY": 45.75351 },
		"1": { "x": 1760.2677, "y": 483.69794, "textX": 65.808411, "textY": 53.942703 },
		"2": { "x": 1129.2759, "y": 77.699922, "textX": 335.54437, "textY": 97.292549 },
		"3": { "x": 49.28437, "y": 66.706484, "textX": 188.74944, "textY": 230.11919 },
		"4": { "x": 1862.323, "y": 96.745, "textX": 65.113861, "textY": 113.26783 },
		"5": { "x": 1553.0852, "y": 251.745, "textX": 260.61539, "textY": 100.85297 }
	}
}
