{
	"orig": 	{
		"width": 2115,
		"height": 957
	}
	,
	"player2": {
		"lands": {
			"10": { "x": 1048.2994, "y": 258.69571 },
			"11": { "x": 1532.2499, "y": 39.676515 },
			"12": { "x": 1703.0304, "y": 379.71507 },
			"1": { "x": 1760.2677, "y": 483.69794 }
		}
	}
	,
	"player3": {
		"lands": {
			"10": { "x": 1048.2994, "y": 258.69571 },
			"11": { "x": 1532.2499, "y": 39.676515 },
			"12": { "x": 1703.0304, "y": 379.71507 },
			"13": { "x": 1319.3011, "y": 275.69333 },
			"14": { "x": 193.28582, "y": 243.71179 },
			"15": { "x": 1130.323, "y": 217.58136 },
			"16": { "x": 1859.3261, "y": 95.626172 },
			"1": { "x": 1760.2677, "y": 483.69794 },
			"2": { "x": 1129.2759, "y": 77.699922 },
			"3": { "x": 49.28437, "y": 66.706484 },
			"4": { "x": 1862.323, "y": 96.745 },
			"5": { "x": 1553.0852, "y": 251.745 },
			"6": { "x": 1333.2877, "y": 398.74597 },
			"7": { "x": 756.23631, "y": 503.54835 },
			"8": { "x": 833.95456, "y": 64.717653 },
			"9": { "x": 422.13712, "y": 79.688574 }
		}
	}
}
